{"cameraMode":{"drawMode":0,"name":"Shaded","section":"Shading Mode"},"sceneLighting":false,"audioPlay":false,"sceneViewState":{"showFog":false,"showMaterialUpdate":true,"showSkybox":false,"showFlares":true,"showImageEffects":true,"showParticleSystems":true},"in2DMode":false,"pivot":{"x":4.740050315856934,"y":3.032594680786133,"z":-1.8706231117248536},"rotation":{"x":-0.2624644935131073,"y":0.6248137354850769,"z":-0.2354024201631546,"w":-0.6966419219970703},"size":12.272610664367676,"orthographic":false}