{"cameraMode":{"drawMode":0,"name":"Shaded","section":"Shading Mode"},"sceneLighting":false,"audioPlay":false,"sceneViewState":{"showFog":false,"showMaterialUpdate":true,"showSkybox":false,"showFlares":true,"showImageEffects":true,"showParticleSystems":true},"in2DMode":false,"pivot":{"x":1.8554162979125977,"y":0.8319288492202759,"z":-1.0312237739562989},"rotation":{"x":0.02400238811969757,"y":0.9759989380836487,"z":-0.15381215512752534,"w":0.15230302512645722},"size":2.3902859687805177,"orthographic":false}