{"cameraMode":{"drawMode":0,"name":"Shaded","section":"Shading Mode"},"sceneLighting":false,"audioPlay":false,"sceneViewState":{"showFog":false,"showMaterialUpdate":true,"showSkybox":false,"showFlares":true,"showImageEffects":true,"showParticleSystems":true},"in2DMode":false,"pivot":{"x":7.192697525024414,"y":-0.3052997589111328,"z":1.2383273839950562},"rotation":{"x":-0.3417189121246338,"y":0.6332117319107056,"z":-0.36703091859817507,"w":-0.5895429849624634},"size":2.430936098098755,"orthographic":false}