{"cameraMode":{"drawMode":0,"name":"Shaded","section":"Shading Mode"},"sceneLighting":false,"audioPlay":false,"sceneViewState":{"showFog":false,"showMaterialUpdate":true,"showSkybox":false,"showFlares":true,"showImageEffects":true,"showParticleSystems":true},"in2DMode":false,"pivot":{"x":-3.5624923706054689,"y":2.1245503425598146,"z":-0.03938102722167969},"rotation":{"x":-0.07430386543273926,"y":0.6588229537010193,"z":-0.06564274430274964,"w":-0.7457373738288879},"size":7.189642906188965,"orthographic":false}