{"cameraMode":{"drawMode":0,"name":"Shaded","section":"Shading Mode"},"sceneLighting":true,"audioPlay":false,"sceneViewState":{"showFog":false,"showMaterialUpdate":true,"showSkybox":true,"showFlares":true,"showImageEffects":true,"showParticleSystems":true},"in2DMode":false,"pivot":{"x":12.404306411743164,"y":1.1465816497802735,"z":0.060023799538612369},"rotation":{"x":-0.034756503999233249,"y":-0.6934603452682495,"z":0.03352611884474754,"w":-0.7188776731491089},"size":1.962937355041504,"orthographic":false}