{"cameraMode":{"drawMode":0,"name":"Shaded","section":"Shading Mode"},"sceneLighting":false,"audioPlay":false,"sceneViewState":{"showFog":false,"showMaterialUpdate":true,"showSkybox":false,"showFlares":true,"showImageEffects":true,"showParticleSystems":true},"in2DMode":false,"pivot":{"x":-0.2782539129257202,"y":1.2256370782852173,"z":0.6604037284851074},"rotation":{"x":0.05190981924533844,"y":0.9228876233100891,"z":-0.13411398231983186,"w":0.3572119176387787},"size":0.8006250262260437,"orthographic":false}